{"cameraMode":{"drawMode":0,"name":"Shaded","section":"Shading Mode"},"sceneLighting":false,"audioPlay":false,"sceneViewState":{"m_AlwaysRefresh":false,"showFog":true,"showSkybox":false,"showFlares":true,"showImageEffects":true,"showParticleSystems":true,"showVisualEffectGraphs":true,"m_FxEnabled":true},"in2DMode":false,"pivot":{"x":0.16834057867527009,"y":4.58407735824585,"z":-12.321839332580567},"rotation":{"x":0.12745246291160584,"y":0.023816213011741639,"z":-0.0029201069846749307,"w":0.9917564392089844},"size":1.8325670957565308,"orthographic":false}