{"cameraMode":{"drawMode":0,"name":"Shaded","section":"Shading Mode"},"sceneLighting":false,"audioPlay":false,"sceneViewState":{"m_AlwaysRefresh":false,"showFog":true,"showSkybox":false,"showFlares":true,"showImageEffects":true,"showParticleSystems":true,"showVisualEffectGraphs":true,"m_FxEnabled":true},"in2DMode":false,"pivot":{"x":1.735964298248291,"y":4.771157741546631,"z":-0.21358680725097657},"rotation":{"x":-0.0708392933011055,"y":-0.19561387598514558,"z":0.014202634803950787,"w":-0.9780573844909668},"size":2.9632880687713625,"orthographic":false}