{"cameraMode":{"drawMode":0,"name":"Shaded","section":"Shading Mode"},"sceneLighting":false,"audioPlay":false,"sceneViewState":{"m_AlwaysRefresh":false,"showFog":true,"showSkybox":false,"showFlares":true,"showImageEffects":true,"showParticleSystems":true,"showVisualEffectGraphs":true,"m_FxEnabled":true},"in2DMode":false,"pivot":{"x":7.960000038146973,"y":24.399999618530275,"z":-7.059999942779541},"rotation":{"x":0.0004807868681382388,"y":-0.9995097517967224,"z":0.028493260964751245,"w":0.01618703454732895},"size":0.8660253882408142,"orthographic":true}