{"cameraMode":{"drawMode":0,"name":"Shaded","section":"Shading Mode"},"sceneLighting":true,"audioPlay":false,"sceneViewState":{"m_AlwaysRefresh":false,"showFog":true,"showSkybox":true,"showFlares":true,"showImageEffects":true,"showParticleSystems":true,"showVisualEffectGraphs":true,"m_FxEnabled":true},"in2DMode":false,"pivot":{"x":-3.3596394062042238,"y":3.8675546646118166,"z":-7.7924675941467289},"rotation":{"x":0.3023321032524109,"y":0.06566691398620606,"z":-0.021063102409243585,"w":0.9510306119918823},"size":10.416029930114746,"orthographic":false}