{"cameraMode":{"drawMode":0,"name":"Shaded","section":"Shading Mode"},"sceneLighting":true,"audioPlay":false,"sceneViewState":{"m_AlwaysRefresh":false,"showFog":true,"showSkybox":true,"showFlares":true,"showImageEffects":true,"showParticleSystems":true,"showVisualEffectGraphs":true,"m_FxEnabled":true},"in2DMode":false,"pivot":{"x":-0.009944289922714234,"y":0.051907479763031009,"z":-0.33177539706230166},"rotation":{"x":0.1997462958097458,"y":0.04847260192036629,"z":-0.009939056821167469,"w":0.9788118004798889},"size":4.8893537521362309,"orthographic":false}