{"cameraMode":{"drawMode":0,"name":"Shaded","section":"Shading Mode"},"sceneLighting":true,"audioPlay":false,"sceneViewState":{"m_AlwaysRefresh":false,"showFog":true,"showSkybox":true,"showFlares":true,"showImageEffects":true,"showParticleSystems":true,"showVisualEffectGraphs":true,"m_FxEnabled":true},"in2DMode":false,"pivot":{"x":0.5808480381965637,"y":5.665685653686523,"z":-3.3016915321350099},"rotation":{"x":0.034853775054216388,"y":0.27673035860061648,"z":-0.010188082233071328,"w":0.9605845808982849},"size":9.845658302307129,"orthographic":false}