{"cameraMode":{"drawMode":0,"name":"Shaded","section":"Shading Mode"},"sceneLighting":false,"audioPlay":false,"sceneViewState":{"m_AlwaysRefresh":false,"showFog":true,"showSkybox":false,"showFlares":true,"showImageEffects":true,"showParticleSystems":true,"showVisualEffectGraphs":true,"m_FxEnabled":true},"in2DMode":false,"pivot":{"x":-4.375473499298096,"y":5.441295146942139,"z":-6.348791122436523},"rotation":{"x":0.0010981986997649074,"y":0.30754655599594118,"z":0.0004713059461209923,"w":-0.951582133769989},"size":3.3887360095977785,"orthographic":false}