{"cameraMode":{"drawMode":0,"name":"Shaded","section":"Shading Mode"},"sceneLighting":false,"audioPlay":false,"sceneViewState":{"m_AlwaysRefresh":false,"showFog":true,"showSkybox":false,"showFlares":true,"showImageEffects":true,"showParticleSystems":true,"showVisualEffectGraphs":true,"m_FxEnabled":true},"in2DMode":false,"pivot":{"x":3.27239990234375,"y":3.7755000591278078,"z":-0.24869070947170258},"rotation":{"x":-0.043797191232442859,"y":0.003597452538087964,"z":-0.00013673696957994252,"w":-0.9990968704223633},"size":0.9684478640556336,"orthographic":false}