{"cameraMode":{"drawMode":0,"name":"Shaded","section":"Shading Mode"},"sceneLighting":true,"audioPlay":false,"sceneViewState":{"m_AlwaysRefresh":false,"showFog":true,"showSkybox":true,"showFlares":true,"showImageEffects":true,"showParticleSystems":true,"showVisualEffectGraphs":true,"m_FxEnabled":true},"in2DMode":false,"pivot":{"x":3.353337526321411,"y":-0.4019286334514618,"z":15.593265533447266},"rotation":{"x":-0.0973481759428978,"y":-0.08596641570329666,"z":0.008006380870938301,"w":-0.9917480945587158},"size":13.486278533935547,"orthographic":false}