{"cameraMode":{"drawMode":0,"name":"Shaded","section":"Shading Mode"},"sceneLighting":true,"audioPlay":false,"sceneViewState":{"m_AlwaysRefresh":false,"showFog":true,"showSkybox":true,"showFlares":true,"showImageEffects":true,"showParticleSystems":true,"showVisualEffectGraphs":true,"m_FxEnabled":true},"in2DMode":false,"pivot":{"x":3.353337526321411,"y":-0.4019286334514618,"z":15.593265533447266},"rotation":{"x":-0.022446801885962487,"y":-0.977287769317627,"z":0.1270112544298172,"w":-0.16959074139595033},"size":3.6671316623687746,"orthographic":false}