{"cameraMode":{"drawMode":0,"name":"Shaded","section":"Shading Mode"},"sceneLighting":true,"audioPlay":false,"sceneViewState":{"m_AlwaysRefresh":false,"showFog":true,"showSkybox":true,"showFlares":true,"showImageEffects":true,"showParticleSystems":true,"showVisualEffectGraphs":true,"m_FxEnabled":true},"in2DMode":false,"pivot":{"x":0.9071030616760254,"y":5.277451515197754,"z":-3.4952101707458498},"rotation":{"x":-0.12296248227357865,"y":0.02738206647336483,"z":-0.0034275243524461986,"w":-0.9921414852142334},"size":2.474473237991333,"orthographic":false}