{"cameraMode":{"drawMode":0,"name":"Shaded","section":"Shading Mode"},"sceneLighting":false,"audioPlay":false,"sceneViewState":{"m_AlwaysRefresh":false,"showFog":true,"showSkybox":false,"showFlares":true,"showImageEffects":true,"showParticleSystems":true,"showVisualEffectGraphs":true,"m_FxEnabled":true},"in2DMode":false,"pivot":{"x":8.369999885559082,"y":7.112356185913086,"z":-4.488229751586914},"rotation":{"x":0.02518893964588642,"y":-0.0098998649045825,"z":-0.00017470339662395418,"w":-0.9996881484985352},"size":1.1884829998016358,"orthographic":false}