{"cameraMode":{"drawMode":0,"name":"Shaded","section":"Shading Mode"},"sceneLighting":false,"audioPlay":false,"sceneViewState":{"m_AlwaysRefresh":false,"showFog":true,"showSkybox":false,"showFlares":true,"showImageEffects":true,"showParticleSystems":true,"showVisualEffectGraphs":true,"m_FxEnabled":true},"in2DMode":false,"pivot":{"x":0.3900001049041748,"y":1.0720303058624268,"z":7.961265563964844},"rotation":{"x":-0.010807910934090615,"y":-0.0189103614538908,"z":0.00022373815590981394,"w":-0.9998936057090759},"size":4.842158794403076,"orthographic":false}