{"cameraMode":{"drawMode":0,"name":"Shaded","section":"Shading Mode"},"sceneLighting":false,"audioPlay":false,"sceneViewState":{"m_AlwaysRefresh":false,"showFog":true,"showSkybox":false,"showFlares":true,"showImageEffects":true,"showParticleSystems":true,"showVisualEffectGraphs":true,"m_FxEnabled":true},"in2DMode":false,"pivot":{"x":3.2014999389648439,"y":3.7755000591278078,"z":-0.24869072437286378},"rotation":{"x":-0.021238155663013459,"y":-0.07730801403522492,"z":0.0017342469654977322,"w":-0.9968318939208984},"size":1.496598243713379,"orthographic":false}