{"cameraMode":{"drawMode":0,"name":"Shaded","section":"Shading Mode"},"sceneLighting":false,"audioPlay":false,"sceneViewState":{"m_AlwaysRefresh":false,"showFog":true,"showSkybox":false,"showFlares":true,"showImageEffects":true,"showParticleSystems":true,"showVisualEffectGraphs":true,"m_FxEnabled":true},"in2DMode":false,"pivot":{"x":-7.654539108276367,"y":4.267075538635254,"z":1.1546404361724854},"rotation":{"x":-0.004808103200048208,"y":-0.026399048045277597,"z":0.00012136682198615745,"w":-0.9996605515480042},"size":0.8907501697540283,"orthographic":false}