{"cameraMode":{"drawMode":0,"name":"Shaded","section":"Shading Mode"},"sceneLighting":false,"audioPlay":false,"sceneViewState":{"m_AlwaysRefresh":false,"showFog":true,"showSkybox":false,"showFlares":true,"showImageEffects":true,"showParticleSystems":true,"showVisualEffectGraphs":true,"m_FxEnabled":true},"in2DMode":false,"pivot":{"x":-0.35903048515319826,"y":2.4600584506988527,"z":-3.681041717529297},"rotation":{"x":0.11200030893087387,"y":0.6936317682266235,"z":-0.1102861538529396,"w":0.7032495737075806},"size":3.1106207370758058,"orthographic":false}