{"cameraMode":{"drawMode":0,"name":"Shaded","section":"Shading Mode"},"sceneLighting":false,"audioPlay":false,"sceneViewState":{"m_AlwaysRefresh":false,"showFog":false,"showSkybox":false,"showFlares":false,"showImageEffects":false,"showParticleSystems":false,"showVisualEffectGraphs":true,"m_FxEnabled":true},"in2DMode":false,"pivot":{"x":-0.013281524181365967,"y":0.04879945516586304,"z":-0.004819124937057495},"rotation":{"x":-0.0031547262333333494,"y":0.9956856369972229,"z":-0.08715592324733734,"w":-0.037060320377349856},"size":0.07781472057104111,"orthographic":false}