{"cameraMode":{"drawMode":0,"name":"Shaded","section":"Shading Mode"},"sceneLighting":false,"audioPlay":false,"sceneViewState":{"m_AlwaysRefresh":false,"showFog":true,"showSkybox":false,"showFlares":true,"showImageEffects":true,"showParticleSystems":true,"showVisualEffectGraphs":true,"m_FxEnabled":true},"in2DMode":false,"pivot":{"x":2.5836362838745119,"y":24.219999313354493,"z":4.090000152587891},"rotation":{"x":0.0028468661475926639,"y":0.9642178416252136,"z":-0.007319995667785406,"w":0.26559895277023318},"size":1.41421377658844,"orthographic":false}