{"cameraMode":{"drawMode":0,"name":"Shaded","section":"Shading Mode"},"sceneLighting":false,"audioPlay":false,"sceneViewState":{"m_AlwaysRefresh":false,"showFog":true,"showSkybox":false,"showFlares":true,"showImageEffects":true,"showParticleSystems":true,"showVisualEffectGraphs":true,"m_FxEnabled":true},"in2DMode":false,"pivot":{"x":0.09773373603820801,"y":6.309898853302002,"z":0.6694555282592773},"rotation":{"x":0.07503359764814377,"y":0.8410899639129639,"z":-0.12093894928693772,"w":0.5218310952186585},"size":12.739157676696778,"orthographic":false}