{"cameraMode":{"drawMode":0,"name":"Shaded","section":"Shading Mode"},"sceneLighting":false,"audioPlay":false,"sceneViewState":{"m_AlwaysRefresh":false,"showFog":true,"showSkybox":false,"showFlares":true,"showImageEffects":true,"showParticleSystems":true,"showVisualEffectGraphs":true,"m_FxEnabled":true},"in2DMode":false,"pivot":{"x":2.8320000171661379,"y":3.1460001468658449,"z":1.0290000438690186},"rotation":{"x":0.11791791766881943,"y":0.003573448397219181,"z":0.00042201991891488433,"w":-0.9930471181869507},"size":0.7582876086235046,"orthographic":false}