{"cameraMode":{"drawMode":0,"name":"Shaded","section":"Shading Mode"},"sceneLighting":false,"audioPlay":false,"sceneViewState":{"m_AlwaysRefresh":false,"showFog":true,"showSkybox":false,"showFlares":true,"showImageEffects":true,"showParticleSystems":true,"showVisualEffectGraphs":true,"m_FxEnabled":true},"in2DMode":false,"pivot":{"x":5.289999961853027,"y":7.112356185913086,"z":-4.488229751586914},"rotation":{"x":-0.10213343054056168,"y":0.008065187372267247,"z":-0.0007501383079215884,"w":-0.9947911500930786},"size":0.8660253882408142,"orthographic":false}