{"cameraMode":{"drawMode":0,"name":"Shaded","section":"Shading Mode"},"sceneLighting":false,"audioPlay":false,"sceneViewState":{"m_AlwaysRefresh":false,"showFog":true,"showSkybox":false,"showFlares":true,"showImageEffects":true,"showParticleSystems":true,"showVisualEffectGraphs":true,"m_FxEnabled":true},"in2DMode":false,"pivot":{"x":2.857034206390381,"y":3.0458993911743166,"z":1.1963859796524048},"rotation":{"x":0.10790478438138962,"y":-0.17209555208683015,"z":0.019265128299593927,"w":0.979182243347168},"size":1.0982295274734498,"orthographic":false}