{"cameraMode":{"drawMode":0,"name":"Shaded","section":"Shading Mode"},"sceneLighting":true,"audioPlay":false,"sceneViewState":{"m_AlwaysRefresh":false,"showFog":true,"showSkybox":true,"showFlares":true,"showImageEffects":true,"showParticleSystems":true,"showVisualEffectGraphs":true,"m_FxEnabled":true},"in2DMode":false,"pivot":{"x":-0.1664348840713501,"y":3.0648040771484377,"z":0.5684738159179688},"rotation":{"x":-0.04526690021157265,"y":0.03505539149045944,"z":-0.001589333638548851,"w":-0.9983726143836975},"size":3.7937285900115969,"orthographic":false}