{"cameraMode":{"drawMode":0,"name":"Shaded","section":"Shading Mode"},"sceneLighting":false,"audioPlay":false,"sceneViewState":{"m_AlwaysRefresh":false,"showFog":true,"showSkybox":false,"showFlares":true,"showImageEffects":true,"showParticleSystems":true,"showVisualEffectGraphs":true,"m_FxEnabled":true},"in2DMode":false,"pivot":{"x":5.289999961853027,"y":7.112356185913086,"z":-4.488229751586914},"rotation":{"x":-0.003979261964559555,"y":-0.9914026856422424,"z":0.12740541994571687,"w":-0.030948463827371599},"size":0.6928204894065857,"orthographic":false}